Label,# Samples,Average,Min,Max,Std. Dev.,Error %,Throughput,Received KB/sec,Sent KB/sec,Avg. Bytes
GET Request,2000,2217,164,2382,129.04,0.000%,4.50588,176.72,0.72,40161.3
POST Request,2000,2231,2140,2772,45.22,0.000%,4.48496,1.61,1.11,367.9
TOTAL,4000,2224,164,2772,96.92,0.000%,8.96654,177.44,1.83,20264.6
