Label,# Samples,Average,Min,Max,Std. Dev.,Error %,Throughput,Received KB/sec,Sent KB/sec,Avg. Bytes
GET Request,100,1971,140,2235,495.70,0.000%,5.09502,10.75,0.82,2160.2
POST Request,100,2182,2141,2239,23.29,0.000%,4.60723,1.65,1.14,367.5
TOTAL,200,2077,140,2239,366.31,0.000%,9.15499,11.30,1.87,1263.9
