Label,# Samples,Average,Min,Max,Std. Dev.,Error %,Throughput,Received KB/sec,Sent KB/sec,Avg. Bytes
GET Request,2000,2189,142,2338,124.77,0.000%,4.56890,179.19,0.74,40161.3
POST Request,2000,2198,2066,2362,28.01,0.000%,4.54697,1.63,1.13,368.1
TOTAL,4000,2194,142,2362,90.55,0.000%,9.09101,179.91,1.86,20264.7
