Label,# Samples,Average,Min,Max,Std. Dev.,Error %,Throughput,Received KB/sec,Sent KB/sec,Avg. Bytes
GET Request,100,2020,341,2362,439.95,0.000%,5.01882,10.59,0.80,2160.6
POST Request,100,2198,2120,2260,27.68,0.000%,4.58295,1.65,1.13,367.9
TOTAL,200,2109,341,2362,324.12,0.000%,9.01957,11.14,1.84,1264.2
